"","source","hour","mean"
"1","#HandOfGod","2016-02-23 18:00:00",0
"2","#HandOfGod","2016-02-23 19:00:00",-0.333333333333333
"3","#HandOfGod","2016-02-23 20:00:00",0
"4","#HandOfGod","2016-02-23 21:00:00",0
"5","#HandOfGod","2016-02-23 22:00:00",1.16666666666667
"6","#HandOfGod","2016-02-23 23:00:00",0
"7","#HandOfGod","2016-02-24 00:00:00",0
"8","#HandOfGod","2016-02-24 04:00:00",2
"9","#HandOfGod","2016-02-24 07:00:00",0
"10","#HandOfGod","2016-02-24 09:00:00",1
"11","#HandOfGod","2016-02-24 10:00:00",0
"12","#HandOfGod","2016-02-24 16:00:00",0
"13","#HandOfGod","2016-02-24 19:00:00",0.333333333333333
"14","#HandOfGod","2016-02-24 20:00:00",0
"15","#HandOfGod","2016-02-24 21:00:00",1
"16","#HandOfGod","2016-02-24 22:00:00",0
"17","#HandOfGod","2016-02-24 23:00:00",0.333333333333333
"18","#HandOfGod","2016-02-25 03:00:00",1
"19","#HandOfGod","2016-02-25 04:00:00",1
"20","#HandOfGod","2016-02-25 05:00:00",1.5
"21","#HandOfGod","2016-02-25 06:00:00",1
"22","#HandOfGod","2016-02-25 07:00:00",3
"23","#HandOfGod","2016-02-25 08:00:00",2
"24","#HandOfGod","2016-02-25 09:00:00",-0.5
"25","#HandOfGod","2016-02-25 10:00:00",3
"26","#HandOfGod","2016-02-25 11:00:00",1.14285714285714
"27","#HandOfGod","2016-02-25 12:00:00",-1
"28","#HandOfGod","2016-02-25 15:00:00",0
"29","#HandOfGod","2016-02-25 16:00:00",1.5
"30","#HandOfGod","2016-02-25 18:00:00",0
"31","#HandOfGod","2016-02-25 19:00:00",0
"32","#HandOfGod","2016-02-25 20:00:00",1
"33","#HandOfGod","2016-02-25 23:00:00",0.5
"34","#HandOfGod","2016-02-26 00:00:00",1
"35","#HandOfGod","2016-02-26 03:00:00",0
"36","#HandOfGod","2016-02-26 05:00:00",0
"37","#HandOfGod","2016-02-26 08:00:00",-1
"38","#HandOfGod","2016-02-26 12:00:00",0
"39","#HandOfGod","2016-02-26 15:00:00",0
"40","#HandOfGod","2016-02-26 16:00:00",0
"41","#HandOfGod","2016-02-26 17:00:00",0
"42","#HandOfGod","2016-02-26 18:00:00",0
"43","#HandOfGod","2016-02-26 19:00:00",-1
"44","#HandOfGod","2016-02-26 20:00:00",0
"45","#HandOfGod","2016-02-26 22:00:00",1
"46","#HandOfGod","2016-02-27 01:00:00",0.5
"47","#HandOfGod","2016-02-27 02:00:00",1.5
"48","#HandOfGod","2016-02-27 03:00:00",2
"49","#HandOfGod","2016-02-27 04:00:00",-1
"50","#HandOfGod","2016-02-27 05:00:00",2
"51","#HandOfGod","2016-02-27 07:00:00",1
"52","#HandOfGod","2016-02-27 09:00:00",0.333333333333333
"53","#HandOfGod","2016-02-27 12:00:00",0
"54","#HandOfGod","2016-02-27 13:00:00",0
"55","#HandOfGod","2016-02-27 14:00:00",0
"56","#HandOfGod","2016-02-27 15:00:00",0
"57","#HandOfGod","2016-02-27 17:00:00",0
"58","#HandOfGod","2016-02-27 18:00:00",0.916666666666667
"59","#HandOfGod","2016-02-27 19:00:00",0.888888888888889
"60","#HandOfGod","2016-02-27 20:00:00",0.75
"61","#HandOfGod","2016-02-27 21:00:00",0.4
"62","#HandOfGod","2016-02-27 22:00:00",0.333333333333333
"63","#HandOfGod","2016-02-27 23:00:00",0.454545454545455
"64","#HandOfGod","2016-02-28 01:00:00",0
"65","#HandOfGod","2016-02-28 03:00:00",0.666666666666667
"66","#HandOfGod","2016-02-28 04:00:00",1
"67","#HandOfGod","2016-02-28 07:00:00",-0.5
"68","#HandOfGod","2016-02-28 08:00:00",0.5
"69","#HandOfGod","2016-02-28 09:00:00",3
"70","#HandOfGod","2016-02-28 13:00:00",0
"71","#HandOfGod","2016-02-28 15:00:00",0.333333333333333
"72","#HandOfGod","2016-02-28 16:00:00",0
"73","#HandOfGod","2016-02-28 17:00:00",0
"74","#HandOfGod","2016-02-28 18:00:00",0.666666666666667
"75","#HandOfGod","2016-02-28 19:00:00",0
"76","#HandOfGod","2016-02-28 20:00:00",0.666666666666667
"77","#HandOfGod","2016-02-28 21:00:00",1
"78","#HandOfGod","2016-02-28 22:00:00",-0.25
"79","#HandOfGod","2016-02-28 23:00:00",1
"80","#HandOfGod","2016-02-29 00:00:00",-0.166666666666667
"81","#HandOfGod","2016-02-29 02:00:00",1
"82","#HandOfGod","2016-02-29 05:00:00",1
"83","#HandOfGod","2016-02-29 06:00:00",0
"84","#HandOfGod","2016-02-29 07:00:00",-1
"85","#HandOfGod","2016-02-29 08:00:00",1
"86","#HandOfGod","2016-02-29 09:00:00",0
"87","#HandOfGod","2016-02-29 11:00:00",-1
"88","#HandOfGod","2016-02-29 14:00:00",2
"89","#HandOfGod","2016-02-29 15:00:00",1
"90","#HandOfGod","2016-02-29 16:00:00",0
"91","#HandOfGod","2016-03-01 02:00:00",0
"92","#HandOfGod","2016-03-01 04:00:00",0
"93","#HandOfGod","2016-03-01 05:00:00",0.5
"94","#HandOfGod","2016-03-01 14:00:00",0
"95","#HandOfGod","2016-03-01 15:00:00",0
"96","#HandOfGod","2016-03-01 16:00:00",2
"97","#HandOfGod","2016-03-01 18:00:00",0
"98","#HandOfGod","2016-03-01 20:00:00",0
"99","#HandOfGod","2016-03-01 21:00:00",0
"100","#HandOfGod","2016-03-01 23:00:00",0
"101","#HandOfGod","2016-03-02 02:00:00",0
"102","#HandOfGod","2016-03-02 13:00:00",0
"103","#HandOfGod","2016-03-02 16:00:00",0
"104","#HandOfGod","2016-03-02 18:00:00",0.5
"105","#HandOfGod","2016-03-02 19:00:00",-0.6
"106","#HandOfGod","2016-03-02 20:00:00",-1.18181818181818
"107","#HandOfGod","2016-03-02 21:00:00",0.25
"108","#HandOfGod","2016-03-02 22:00:00",0.133333333333333
"109","#HandOfGod","2016-03-02 23:00:00",-0.272727272727273
"110","#HandOfGod","2016-03-03 00:00:00",0.461538461538462
"111","#HandOfGod","2016-03-03 01:00:00",0.0769230769230769
"112","#HandOfGod","2016-03-03 02:00:00",-0.307692307692308
"113","#HandOfGod","2016-03-03 03:00:00",0
"114","#HandOfGod","2016-03-03 04:00:00",0.25
"115","#HandOfGod","2016-03-03 05:00:00",0
"116","#HandOfGod","2016-03-03 06:00:00",-0.166666666666667
"117","#HandOfGod","2016-03-03 07:00:00",-1
"118","#HandOfGod","2016-03-03 08:00:00",-0.142857142857143
"119","#HandOfGod","2016-03-03 09:00:00",0.0666666666666667
"120","#HandOfGod","2016-03-03 10:00:00",-0.133333333333333
"121","#HandOfGod","2016-03-03 11:00:00",0
"122","#HandOfGod","2016-03-03 12:00:00",0.0566037735849057
"123","#HandOfGod","2016-03-03 13:00:00",0.133333333333333
"124","#HandOfGod","2016-03-03 14:00:00",0.0909090909090909
"125","#HandOfGod","2016-03-03 15:00:00",-0.321428571428571
"126","#HandOfGod","2016-03-03 16:00:00",-0.0476190476190476
"127","#HandOfGod","2016-03-03 17:00:00",-0.587301587301587
"128","#HandOfGod","2016-03-03 18:00:00",-0.75609756097561
"129","#HandOfGod","2016-03-03 19:00:00",-0.159090909090909
"130","#HandOfGod","2016-03-03 20:00:00",0
"131","#HandOfGod","2016-03-03 21:00:00",-0.444444444444444
"132","#HandOfGod","2016-03-03 22:00:00",-0.693877551020408
"133","#HandOfGod","2016-03-03 23:00:00",-0.546511627906977
"134","#HandOfGod","2016-03-04 00:00:00",-1.02857142857143
"135","#HandOfGod","2016-03-04 01:00:00",-0.880952380952381
"136","#HandOfGod","2016-03-04 02:00:00",-0.648648648648649
"137","#HandOfGod","2016-03-04 03:00:00",-0.52
"138","#HandOfGod","2016-03-04 04:00:00",-0.444444444444444
"139","#HandOfGod","2016-03-04 05:00:00",-0.5
"140","#HandOfGod","2016-03-04 06:00:00",-0.615384615384615
"141","#HandOfGod","2016-03-04 07:00:00",-1.12
"142","#HandOfGod","2016-03-04 08:00:00",-0.761904761904762
"143","#HandOfGod","2016-03-04 09:00:00",-0.863636363636364
"144","#HandOfGod","2016-03-04 10:00:00",-0.267605633802817
"145","#HandOfGod","2016-03-04 11:00:00",-0.810810810810811
"146","#HandOfGod","2016-03-04 12:00:00",-0.535714285714286
"147","#HandOfGod","2016-03-04 13:00:00",-0.470588235294118
"148","#HandOfGod","2016-03-04 14:00:00",-0.230769230769231
"149","#HandOfGod","2016-03-04 15:00:00",-0.241379310344828
"150","#HandOfGod","2016-03-04 16:00:00",-0.0303030303030303
"151","#HandOfGod","2016-03-04 17:00:00",-0.346153846153846
"152","#HandOfGod","2016-03-04 18:00:00",-0.368421052631579
"153","#HandOfGod","2016-03-04 19:00:00",-0.176470588235294
"154","#HandOfGod","2016-03-04 20:00:00",-0.3
"155","#HandOfGod","2016-03-04 21:00:00",-0.872727272727273
"156","#HandOfGod","2016-03-04 22:00:00",-0.567567567567568
"157","#HandOfGod","2016-03-04 23:00:00",-0.9
"158","#HandOfGod","2016-03-05 00:00:00",-0.411764705882353
"159","#HandOfGod","2016-03-05 01:00:00",-0.133333333333333
"160","#HandOfGod","2016-03-05 02:00:00",-0.2
"161","#HandOfGod","2016-03-05 03:00:00",-0.461538461538462
"162","#HandOfGod","2016-03-05 04:00:00",-0.5
"163","#HandOfGod","2016-03-05 05:00:00",-0.545454545454545
"164","#HandOfGod","2016-03-05 06:00:00",0
"165","#HandOfGod","2016-03-05 07:00:00",-0.6
"166","#HandOfGod","2016-03-05 08:00:00",-0.916666666666667
"167","#HandOfGod","2016-03-05 09:00:00",-0.6
"168","#HandOfGod","2016-03-05 10:00:00",-0.526315789473684
"169","#HandOfGod","2016-03-05 11:00:00",0.571428571428571
"170","#HandOfGod","2016-03-05 12:00:00",-0.941176470588235
"171","#HandOfGod","2016-03-05 13:00:00",-0.692307692307692
"172","#HandOfGod","2016-03-05 14:00:00",-1
"173","#HandOfGod","2016-03-05 15:00:00",-0.951219512195122
"174","#HandOfGod","2016-03-05 16:00:00",-0.857142857142857
"175","#HandOfGod","2016-03-05 17:00:00",0.403225806451613
"176","#HandOfGod","2016-03-05 18:00:00",-0.510204081632653
"177","#HandOfGod","2016-03-05 19:00:00",-0.527777777777778
"178","#HandOfGod","2016-03-05 20:00:00",-0.863636363636364
"179","#HandOfGod","2016-03-05 21:00:00",-0.5
"180","#HandOfGod","2016-03-05 22:00:00",0.0285714285714286
"181","#HandOfGod","2016-03-05 23:00:00",0
"182","#HandOfGod","2016-03-06 00:00:00",-0.214285714285714
"183","#HandOfGod","2016-03-06 01:00:00",0.125
"184","#HandOfGod","2016-03-06 02:00:00",0
"185","#HandOfGod","2016-03-06 03:00:00",0.5
"186","#HandOfGod","2016-03-06 04:00:00",-0.823529411764706
"187","#HandOfGod","2016-03-06 05:00:00",-1.25
"188","#HandOfGod","2016-03-06 06:00:00",-0.461538461538462
"189","#HandOfGod","2016-03-06 07:00:00",-1.06666666666667
"190","#HandOfGod","2016-03-06 08:00:00",-1.22222222222222
"191","#HandOfGod","2016-03-06 09:00:00",-1
"192","#HandOfGod","2016-03-06 10:00:00",-1
"193","#HandOfGod","2016-03-06 11:00:00",-0.666666666666667
"194","#HandOfGod","2016-03-06 12:00:00",-0.875
"195","#HandOfGod","2016-03-06 13:00:00",-0.571428571428571
"196","#HandOfGod","2016-03-06 14:00:00",-0.714285714285714
"197","#HandOfGod","2016-03-06 15:00:00",-0.1875
"198","#HandOfGod","2016-03-06 16:00:00",-0.3125
"199","#HandOfGod","2016-03-06 17:00:00",-0.555555555555556
"200","#HandOfGod","2016-03-06 18:00:00",-0.25
"201","#HandOfGod","2016-03-06 19:00:00",0
"202","#HandOfGod","2016-03-06 20:00:00",-0.333333333333333
"203","#HandOfGod","2016-03-06 21:00:00",-0.2
"204","#HandOfGod","2016-03-06 22:00:00",-0.8
"205","#HandOfGod","2016-03-06 23:00:00",-0.25
"206","#HandOfGod","2016-03-07 00:00:00",-0.333333333333333
"207","#HandOfGod","2016-03-07 01:00:00",0.285714285714286
"208","#HandOfGod","2016-03-07 02:00:00",-0.25
"209","#HandOfGod","2016-03-07 03:00:00",0
"210","#HandOfGod","2016-03-07 04:00:00",1
"211","#HandOfGod","2016-03-07 05:00:00",-1
"212","#HandOfGod","2016-03-07 06:00:00",-0.5
"213","#HandOfGod","2016-03-07 07:00:00",-0.833333333333333
"214","#HandOfGod","2016-03-07 08:00:00",-0.111111111111111
"215","#HandOfGod","2016-03-07 09:00:00",-0.714285714285714
"216","#HandOfGod","2016-03-07 10:00:00",0.4
"217","#HandOfGod","2016-03-07 11:00:00",0
"218","#HandOfGod","2016-03-07 12:00:00",0
"219","#HandOfGod","2016-03-07 13:00:00",-0.0714285714285714
"220","#HandOfGod","2016-03-07 14:00:00",-0.078740157480315
"221","#HandOfGod","2016-03-07 15:00:00",-0.0263157894736842
"222","#HandOfGod","2016-03-07 16:00:00",0
"223","#HandOfGod","2016-03-07 17:00:00",0.0434782608695652
"224","#HandOfGod","2016-03-07 18:00:00",-0.666666666666667
"225","#HandOfGod","2016-03-07 19:00:00",-0.4
"226","#HandOfGod","2016-03-07 20:00:00",-0.0714285714285714
"227","#HandOfGod","2016-03-07 21:00:00",-0.733333333333333
"228","#HandOfGod","2016-03-07 22:00:00",-0.111111111111111
"229","#HandOfGod","2016-03-07 23:00:00",-0.666666666666667
"230","#HandOfGod","2016-03-08 00:00:00",-1
"231","#HandOfGod","2016-03-08 01:00:00",-0.833333333333333
"232","#HandOfGod","2016-03-08 02:00:00",-0.0769230769230769
"233","#HandOfGod","2016-03-08 03:00:00",0.4
"234","#HandOfGod","2016-03-08 04:00:00",-0.666666666666667
"235","#HandOfGod","2016-03-08 05:00:00",-1
"236","#HandOfGod","2016-03-08 06:00:00",0
"237","#HandOfGod","2016-03-08 07:00:00",-0.666666666666667
"238","#HandOfGod","2016-03-08 08:00:00",-0.5
"239","#HandOfGod","2016-03-08 09:00:00",-0.727272727272727
"240","#HandOfGod","2016-03-08 10:00:00",-0.7
"241","#HandOfGod","2016-03-08 11:00:00",-0.75
"242","#HandOfGod","2016-03-08 12:00:00",-0.866666666666667
"243","#HandOfGod","2016-03-08 13:00:00",0
"244","#HandOfGod","2016-03-08 14:00:00",-0.846153846153846
"245","#HandOfGod","2016-03-08 15:00:00",-0.96078431372549
"246","#HandOfGod","2016-03-08 16:00:00",-0.5
"247","#HandOfGod","2016-03-08 17:00:00",-0.5
"248","#HandOfGod","2016-03-08 18:00:00",-0.4
"249","#HandOfGod","2016-03-08 19:00:00",-0.0666666666666667
"250","#HandOfGod","2016-03-08 20:00:00",-0.555555555555556
"251","#HandOfGod","2016-03-08 21:00:00",-0.25
"252","#HandOfGod","2016-03-08 22:00:00",-1
"253","#HandOfGod","2016-03-08 23:00:00",0
"254","#HandOfGod","2016-03-09 00:00:00",-0.5
"255","#HandOfGod","2016-03-09 01:00:00",-0.25
"256","#HandOfGod","2016-03-09 02:00:00",-1
"257","#HandOfGod","2016-03-09 03:00:00",-1
"258","#HandOfGod","2016-03-09 04:00:00",0
"259","#HandOfGod","2016-03-09 05:00:00",-1.4
"260","#HandOfGod","2016-03-09 07:00:00",0
"261","#HandOfGod","2016-03-09 08:00:00",1
"262","#HandOfGod","2016-03-09 09:00:00",-0.666666666666667
"263","#HandOfGod","2016-03-09 10:00:00",-1
"264","#HandOfGod","2016-03-09 11:00:00",1
"265","#HandOfGod","2016-03-09 12:00:00",-1
"266","#HandOfGod","2016-03-09 13:00:00",-1
"267","#HandOfGod","2016-03-09 14:00:00",0
"268","#HandOfGod","2016-03-09 15:00:00",-0.2
"269","#HandOfGod","2016-03-09 16:00:00",-0.333333333333333
"270","#HandOfGod","2016-03-09 17:00:00",-1
"271","#HandOfGod","2016-03-09 18:00:00",0
"272","#HandOfGod","2016-03-09 19:00:00",0
"273","#HandOfGod","2016-03-09 20:00:00",0.166666666666667
"274","#HandOfGod","2016-03-09 21:00:00",-0.6
"275","#HandOfGod","2016-03-09 22:00:00",-1
"276","#HandOfGod","2016-03-10 00:00:00",-0.666666666666667
"277","#HandOfGod","2016-03-10 01:00:00",0
"278","#HandOfGod","2016-03-10 02:00:00",0
"279","#HandOfGod","2016-03-10 03:00:00",-0.166666666666667
"280","#HandOfGod","2016-03-10 04:00:00",0
"281","#HandOfGod","2016-03-10 05:00:00",0
"282","#HandOfGod","2016-03-10 06:00:00",0
"283","#HandOfGod","2016-03-10 07:00:00",-0.333333333333333
"284","#HandOfGod","2016-03-10 08:00:00",0
"285","#HandOfGod","2016-03-10 09:00:00",-0.333333333333333
"286","#HandOfGod","2016-03-10 10:00:00",0.666666666666667
"287","#HandOfGod","2016-03-10 11:00:00",0.375
"288","#HandOfGod","2016-03-10 12:00:00",0.5
"289","#HandOfGod","2016-03-10 13:00:00",2
"290","#HandOfGod","2016-03-10 14:00:00",0.428571428571429
"291","#HandOfGod","2016-03-10 15:00:00",-0.6
"292","#HandOfGod","2016-03-10 16:00:00",0.4
"293","#HandOfGod","2016-03-10 17:00:00",0.142857142857143
"294","#HandOfGod","2016-03-10 18:00:00",-0.333333333333333
"295","#HandOfGod","2016-03-10 19:00:00",0
"296","#HandOfGod","2016-03-10 20:00:00",0.526315789473684
"297","#HandOfGod","2016-03-10 21:00:00",0.548387096774194
"298","#HandOfGod","2016-03-10 22:00:00",-0.333333333333333
"299","#HandOfGod","2016-03-10 23:00:00",0
"300","#HandOfGod","2016-03-11 00:00:00",1.33333333333333
"301","#HandOfGod","2016-03-11 02:00:00",0.5
"302","#HandOfGod","2016-03-11 03:00:00",0
"303","#HandOfGod","2016-03-11 04:00:00",0
"304","#HandOfGod","2016-03-11 05:00:00",0.4
"305","#HandOfGod","2016-03-11 06:00:00",0
"306","#HandOfGod","2016-03-11 07:00:00",0
"307","#HandOfGod","2016-03-11 08:00:00",0.333333333333333
"308","#HandOfGod","2016-03-11 10:00:00",-1
"309","#HandOfGod","2016-03-11 11:00:00",0
"310","#HandOfGod","2016-03-11 12:00:00",0
"311","#HandOfGod","2016-03-11 13:00:00",-0.333333333333333
"312","#HandOfGod","2016-03-11 14:00:00",2
"313","#HandOfGod","2016-03-11 15:00:00",-0.222222222222222
"314","#HandOfGod","2016-03-11 16:00:00",-0.833333333333333
"315","#HandOfGod","2016-03-11 18:00:00",0.333333333333333
"316","#HandOfGod","2016-03-11 19:00:00",0
"317","#HandOfGod","2016-03-11 20:00:00",0
"318","#HandOfGod","2016-03-11 22:00:00",0
"319","#HandOfGod","2016-03-11 23:00:00",5
"320","#HandOfGod","2016-03-12 00:00:00",0
"321","#HandOfGod","2016-03-12 02:00:00",0.333333333333333
"322","#HandOfGod","2016-03-12 04:00:00",-1
"323","#HandOfGod","2016-03-12 05:00:00",0
"324","#HandOfGod","2016-03-12 07:00:00",2
"325","#HandOfGod","2016-03-12 08:00:00",-0.2
"326","#HandOfGod","2016-03-12 10:00:00",-1
"327","#HandOfGod","2016-03-12 12:00:00",1
"328","#HandOfGod","2016-03-12 13:00:00",0
"329","#HandOfGod","2016-03-12 14:00:00",0.333333333333333
"330","#HandOfGod","2016-03-12 15:00:00",0.8
"331","#HandOfGod","2016-03-12 16:00:00",1
"332","#HandOfGod","2016-03-12 17:00:00",1
"333","#HandOfGod","2016-03-12 21:00:00",1
"334","#HandOfGod","2016-03-12 22:00:00",-0.333333333333333
"335","#HandOfGod","2016-03-12 23:00:00",-0.6
"336","#HandOfGod","2016-03-13 00:00:00",0
"337","#HandOfGod","2016-03-13 01:00:00",3
"338","#HandOfGod","2016-03-13 05:00:00",0
"339","#HandOfGod","2016-03-13 07:00:00",0.5
"340","#HandOfGod","2016-03-13 08:00:00",0.5
"341","#HandOfGod","2016-03-13 10:00:00",-0.333333333333333
"342","#HandOfGod","2016-03-13 12:00:00",-1
"343","#HandOfGod","2016-03-13 13:00:00",0.25
"344","#HandOfGod","2016-03-13 16:00:00",-0.5
"345","#HandOfGod","2016-03-13 17:00:00",3
"346","#HandOfGod","2016-03-13 19:00:00",0
"347","#HandOfGod","2016-03-13 20:00:00",0.4
"348","#HandOfGod","2016-03-13 21:00:00",0
"349","#HandOfGod","2016-03-13 22:00:00",3.125
"350","#HandOfGod","2016-03-14 00:00:00",0.4
"351","#HandOfGod","2016-03-14 02:00:00",0
"352","#HandOfGod","2016-03-14 03:00:00",0.666666666666667
"353","#HandOfGod","2016-03-14 04:00:00",4
"354","#HandOfGod","2016-03-14 05:00:00",0
"355","#HandOfGod","2016-03-14 06:00:00",0
"356","#HandOfGod","2016-03-14 09:00:00",-1
"357","#HandOfGod","2016-03-14 11:00:00",0
"358","#HandOfGod","2016-03-14 12:00:00",0
"359","#HandOfGod","2016-03-14 14:00:00",0
"360","#HandOfGod","2016-03-14 15:00:00",0
"361","#HandOfGod","2016-03-14 16:00:00",0.666666666666667
"362","#HandOfGod","2016-03-14 17:00:00",0.666666666666667
"363","#HandOfGod","2016-03-14 18:00:00",1
"364","#HandOfGod","2016-03-14 19:00:00",0
"365","#HandOfGod","2016-03-14 20:00:00",1
"366","#HandOfGod","2016-03-15 00:00:00",0
"367","#HandOfGod","2016-03-15 03:00:00",1
"368","#HandOfGod","2016-03-15 04:00:00",1
"369","#HandOfGod","2016-03-15 06:00:00",2
"370","#HandOfGod","2016-03-15 08:00:00",0
"371","#HandOfGod","2016-03-15 11:00:00",2
"372","#HandOfGod","2016-03-15 14:00:00",-0.5
"373","#HandOfGod","2016-03-15 15:00:00",0
"374","#HandOfGod","2016-03-15 19:00:00",0
"375","#HandOfGod","2016-03-15 20:00:00",0
"376","#HandOfGod","2016-03-15 22:00:00",0
"377","#HandOfGod","2016-03-16 01:00:00",0
"378","#HandOfGod","2016-03-16 04:00:00",2.5
"379","#HandOfGod","2016-03-16 05:00:00",-0.666666666666667
"380","#HandOfGod","2016-03-16 06:00:00",0.5
"381","#HandOfGod","2016-03-16 07:00:00",0
"382","#HandOfGod","2016-03-16 08:00:00",0
"383","#HandOfGod","2016-03-16 09:00:00",0
"384","#HandOfGod","2016-03-16 10:00:00",0
"385","#HandOfGod","2016-03-16 11:00:00",-0.5
"386","#HandOfGod","2016-03-16 12:00:00",-1
"387","#HandOfGod","2016-03-16 13:00:00",0
"388","#HandOfGod","2016-03-16 17:00:00",0
"389","#HandOfGod","2016-03-16 18:00:00",-1
"390","#HandOfGod","2016-03-16 19:00:00",-1
"391","#HandOfGod","2016-03-16 20:00:00",0.75
"392","#HandOfGod","2016-03-16 21:00:00",0.5
"393","#HandOfGod","2016-03-16 22:00:00",1
"394","#HandOfGod","2016-03-16 23:00:00",1
"395","#HandOfGod","2016-03-17 04:00:00",0
"396","#HandOfGod","2016-03-17 05:00:00",-0.5
"397","#HandOfGod","2016-03-17 10:00:00",0
"398","#HandOfGod","2016-03-17 12:00:00",-0.5
"399","#HandOfGod","2016-03-17 14:00:00",2
"400","#HandOfGod","2016-03-17 16:00:00",0
"401","#HandOfGod","2016-03-17 17:00:00",0.25
"402","#HandOfGod","2016-03-17 18:00:00",0
"403","#HandOfGod","2016-03-17 19:00:00",2
"404","#HandOfGod","2016-03-17 21:00:00",0
"405","#HandOfGod","2016-03-17 22:00:00",0
"406","#HandOfGod","2016-03-17 23:00:00",1
"407","#HandOfGod","2016-03-18 01:00:00",0
"408","#HandOfGod","2016-03-18 02:00:00",0
"409","#HandOfGod","2016-03-18 03:00:00",0
"410","#HandOfGod","2016-03-18 06:00:00",1
"411","#HandOfGod","2016-03-18 11:00:00",0
"412","#HandOfGod","2016-03-18 13:00:00",0
"413","#HandOfGod","2016-03-18 20:00:00",1
"414","#HandOfGod","2016-03-18 21:00:00",0.333333333333333
"415","#HandOfGod","2016-03-18 23:00:00",-1
"416","#HandOfGod","2016-03-19 01:00:00",0
"417","#HandOfGod","2016-03-19 02:00:00",1.57142857142857
"418","#HandOfGod","2016-03-19 03:00:00",0.833333333333333
"419","#HandOfGod","2016-03-19 04:00:00",0
"420","#HandOfGod",NA,-0.5
"421","#PLOSONE","2016-02-24 17:00:00",1
"422","#PLOSONE","2016-02-24 18:00:00",0.111111111111111
"423","#PLOSONE","2016-02-24 19:00:00",0.121212121212121
"424","#PLOSONE","2016-02-24 20:00:00",-0.0882352941176471
"425","#PLOSONE","2016-02-24 21:00:00",0.04
"426","#PLOSONE","2016-02-24 22:00:00",-0.0857142857142857
"427","#PLOSONE","2016-02-24 23:00:00",0.0714285714285714
"428","#PLOSONE","2016-02-25 00:00:00",-0.142857142857143
"429","#PLOSONE","2016-02-25 01:00:00",-0.333333333333333
"430","#PLOSONE","2016-02-25 02:00:00",0
"431","#PLOSONE","2016-02-25 03:00:00",0.166666666666667
"432","#PLOSONE","2016-02-25 04:00:00",0
"433","#PLOSONE","2016-02-25 05:00:00",0
"434","#PLOSONE","2016-02-25 06:00:00",0
"435","#PLOSONE","2016-02-25 07:00:00",-0.666666666666667
"436","#PLOSONE","2016-02-25 08:00:00",-0.153846153846154
"437","#PLOSONE","2016-02-25 09:00:00",-0.153846153846154
"438","#PLOSONE","2016-02-25 10:00:00",-0.333333333333333
"439","#PLOSONE","2016-02-25 11:00:00",0.0714285714285714
"440","#PLOSONE","2016-02-25 12:00:00",-0.583333333333333
"441","#PLOSONE","2016-02-25 13:00:00",-0.571428571428571
"442","#PLOSONE","2016-02-25 14:00:00",0.533333333333333
"443","#PLOSONE","2016-02-25 15:00:00",0.1
"444","#PLOSONE","2016-02-25 16:00:00",0.1
"445","#PLOSONE","2016-02-25 17:00:00",0
"446","#PLOSONE","2016-02-25 18:00:00",0.416666666666667
"447","#PLOSONE","2016-02-25 19:00:00",0.580645161290323
"448","#PLOSONE","2016-02-25 20:00:00",0.619047619047619
"449","#PLOSONE","2016-02-25 21:00:00",0.7
"450","#PLOSONE","2016-02-25 22:00:00",0.444444444444444
"451","#PLOSONE","2016-02-25 23:00:00",0.666666666666667
"452","#PLOSONE","2016-02-26 00:00:00",1.47058823529412
"453","#PLOSONE","2016-02-26 01:00:00",0.833333333333333
"454","#PLOSONE","2016-02-26 02:00:00",0.2
"455","#PLOSONE","2016-02-26 03:00:00",0
"456","#PLOSONE","2016-02-26 04:00:00",0.5
"457","#PLOSONE","2016-02-26 05:00:00",1
"458","#PLOSONE","2016-02-26 06:00:00",0.714285714285714
"459","#PLOSONE","2016-02-26 07:00:00",0.833333333333333
"460","#PLOSONE","2016-02-26 08:00:00",1.27272727272727
"461","#PLOSONE","2016-02-26 09:00:00",0.8
"462","#PLOSONE","2016-02-26 10:00:00",0.777777777777778
"463","#PLOSONE","2016-02-26 11:00:00",0.25
"464","#PLOSONE","2016-02-26 12:00:00",0.25
"465","#PLOSONE","2016-02-26 13:00:00",0.5
"466","#PLOSONE","2016-02-26 14:00:00",0
"467","#PLOSONE","2016-02-26 15:00:00",0.272727272727273
"468","#PLOSONE","2016-02-26 16:00:00",0
"469","#PLOSONE","2016-02-26 17:00:00",0
"470","#PLOSONE","2016-02-26 18:00:00",0.947368421052632
"471","#PLOSONE","2016-02-26 19:00:00",0.65
"472","#PLOSONE","2016-02-26 20:00:00",0.666666666666667
"473","#PLOSONE","2016-02-26 21:00:00",0.733333333333333
"474","#PLOSONE","2016-02-26 22:00:00",0.0833333333333333
"475","#PLOSONE","2016-02-26 23:00:00",0.185185185185185
"476","#PLOSONE","2016-02-27 00:00:00",0
"477","#PLOSONE","2016-02-27 01:00:00",-0.333333333333333
"478","#PLOSONE","2016-02-27 02:00:00",0
"479","#PLOSONE","2016-02-27 03:00:00",0
"480","#PLOSONE","2016-02-27 04:00:00",0
"481","#PLOSONE","2016-02-27 05:00:00",0
"482","#PLOSONE","2016-02-27 06:00:00",0.4
"483","#PLOSONE","2016-02-27 07:00:00",-0.333333333333333
"484","#PLOSONE","2016-02-27 08:00:00",0.133333333333333
"485","#PLOSONE","2016-02-27 09:00:00",0
"486","#PLOSONE","2016-02-27 10:00:00",-0.5
"487","#PLOSONE","2016-02-27 11:00:00",0.25
"488","#PLOSONE","2016-02-27 12:00:00",0
"489","#PLOSONE","2016-02-27 13:00:00",0
"490","#PLOSONE","2016-02-27 14:00:00",0
"491","#PLOSONE","2016-02-27 15:00:00",-0.0769230769230769
"492","#PLOSONE","2016-02-27 16:00:00",0.148148148148148
"493","#PLOSONE","2016-02-27 17:00:00",0.2
"494","#PLOSONE","2016-02-27 18:00:00",0
"495","#PLOSONE","2016-02-27 19:00:00",0
"496","#PLOSONE","2016-02-27 20:00:00",-0.6
"497","#PLOSONE","2016-02-27 21:00:00",-1
"498","#PLOSONE","2016-02-27 22:00:00",-1
"499","#PLOSONE","2016-02-27 23:00:00",-0.25
"500","#PLOSONE","2016-02-28 00:00:00",0.2
"501","#PLOSONE","2016-02-28 01:00:00",0.222222222222222
"502","#PLOSONE","2016-02-28 02:00:00",-0.25
"503","#PLOSONE","2016-02-28 03:00:00",-0.2
"504","#PLOSONE","2016-02-28 05:00:00",0
"505","#PLOSONE","2016-02-28 06:00:00",0
"506","#PLOSONE","2016-02-28 07:00:00",0.5
"507","#PLOSONE","2016-02-28 09:00:00",0.333333333333333
"508","#PLOSONE","2016-02-28 11:00:00",0
"509","#PLOSONE","2016-02-28 12:00:00",-0.2
"510","#PLOSONE","2016-02-28 13:00:00",-0.25
"511","#PLOSONE","2016-02-28 14:00:00",-0.5
"512","#PLOSONE","2016-02-28 15:00:00",0
"513","#PLOSONE","2016-02-28 16:00:00",0.5
"514","#PLOSONE","2016-02-28 17:00:00",0
"515","#PLOSONE","2016-02-28 18:00:00",0
"516","#PLOSONE","2016-02-28 19:00:00",0.333333333333333
"517","#PLOSONE","2016-02-28 20:00:00",0.5
"518","#PLOSONE","2016-02-28 21:00:00",0.142857142857143
"519","#PLOSONE","2016-02-28 22:00:00",-2
"520","#PLOSONE","2016-02-28 23:00:00",1
"521","#PLOSONE","2016-02-29 00:00:00",-0.666666666666667
"522","#PLOSONE","2016-02-29 01:00:00",0
"523","#PLOSONE","2016-02-29 02:00:00",-1
"524","#PLOSONE","2016-02-29 03:00:00",1
"525","#PLOSONE","2016-02-29 04:00:00",-1
"526","#PLOSONE","2016-02-29 06:00:00",0
"527","#PLOSONE","2016-02-29 07:00:00",0
"528","#PLOSONE","2016-02-29 08:00:00",0.5
"529","#PLOSONE","2016-02-29 09:00:00",1
"530","#PLOSONE","2016-02-29 10:00:00",0
"531","#PLOSONE","2016-02-29 11:00:00",-0.5
"532","#PLOSONE","2016-02-29 12:00:00",-0.4
"533","#PLOSONE","2016-02-29 14:00:00",1
"534","#PLOSONE","2016-02-29 15:00:00",-0.5
"535","#PLOSONE","2016-02-29 16:00:00",0
"536","#PLOSONE","2016-02-29 17:00:00",-0.2
"537","#PLOSONE","2016-02-29 18:00:00",-0.125
"538","#PLOSONE","2016-02-29 19:00:00",0.384615384615385
"539","#PLOSONE","2016-02-29 20:00:00",0.636363636363636
"540","#PLOSONE","2016-02-29 21:00:00",0.5
"541","#PLOSONE","2016-02-29 22:00:00",0
"542","#PLOSONE","2016-02-29 23:00:00",0.5
"543","#PLOSONE","2016-03-01 00:00:00",1
"544","#PLOSONE","2016-03-01 01:00:00",-0.5
"545","#PLOSONE","2016-03-01 02:00:00",0.5
"546","#PLOSONE","2016-03-01 03:00:00",0.5
"547","#PLOSONE","2016-03-01 04:00:00",0
"548","#PLOSONE","2016-03-01 05:00:00",0
"549","#PLOSONE","2016-03-01 06:00:00",-0.25
"550","#PLOSONE","2016-03-01 07:00:00",-0.5
"551","#PLOSONE","2016-03-01 08:00:00",-0.5
"552","#PLOSONE","2016-03-01 09:00:00",0
"553","#PLOSONE","2016-03-01 11:00:00",-1
"554","#PLOSONE","2016-03-01 12:00:00",0.166666666666667
"555","#PLOSONE","2016-03-01 13:00:00",-0.25
"556","#PLOSONE","2016-03-01 14:00:00",0.833333333333333
"557","#PLOSONE","2016-03-01 15:00:00",0.142857142857143
"558","#PLOSONE","2016-03-01 16:00:00",-1.2
"559","#PLOSONE","2016-03-01 17:00:00",-0.285714285714286
"560","#PLOSONE","2016-03-01 18:00:00",-0.454545454545455
"561","#PLOSONE","2016-03-01 19:00:00",0.285714285714286
"562","#PLOSONE","2016-03-01 20:00:00",0
"563","#PLOSONE","2016-03-01 21:00:00",-0.153846153846154
"564","#PLOSONE","2016-03-01 22:00:00",0
"565","#PLOSONE","2016-03-01 23:00:00",-1
"566","#PLOSONE","2016-03-02 00:00:00",-1.33333333333333
"567","#PLOSONE","2016-03-02 01:00:00",-0.5
"568","#PLOSONE","2016-03-02 02:00:00",-0.333333333333333
"569","#PLOSONE","2016-03-02 03:00:00",-0.625
"570","#PLOSONE","2016-03-02 04:00:00",0
"571","#PLOSONE","2016-03-02 05:00:00",-0.666666666666667
"572","#PLOSONE","2016-03-02 06:00:00",0.5
"573","#PLOSONE","2016-03-02 07:00:00",-0.875
"574","#PLOSONE","2016-03-02 08:00:00",-0.476190476190476
"575","#PLOSONE","2016-03-02 09:00:00",0.25
"576","#PLOSONE","2016-03-02 10:00:00",0.0714285714285714
"577","#PLOSONE","2016-03-02 11:00:00",0
"578","#PLOSONE","2016-03-02 12:00:00",0.266666666666667
"579","#PLOSONE","2016-03-02 13:00:00",-0.379310344827586
"580","#PLOSONE","2016-03-02 14:00:00",0.0166666666666667
"581","#PLOSONE","2016-03-02 15:00:00",0.0945945945945946
"582","#PLOSONE","2016-03-02 16:00:00",0.0687022900763359
"583","#PLOSONE","2016-03-02 17:00:00",-0.00709219858156028
"584","#PLOSONE","2016-03-02 18:00:00",-0.088785046728972
"585","#PLOSONE","2016-03-02 19:00:00",0.00465116279069767
"586","#PLOSONE","2016-03-02 20:00:00",0.0797101449275362
"587","#PLOSONE","2016-03-02 21:00:00",-0.0222222222222222
"588","#PLOSONE","2016-03-02 22:00:00",-0.0588235294117647
"589","#PLOSONE","2016-03-02 23:00:00",-0.224137931034483
"590","#PLOSONE","2016-03-03 00:00:00",0
"591","#PLOSONE","2016-03-03 01:00:00",0.293103448275862
"592","#PLOSONE","2016-03-03 02:00:00",0.103448275862069
"593","#PLOSONE","2016-03-03 03:00:00",0.0689655172413793
"594","#PLOSONE","2016-03-03 04:00:00",0.0952380952380952
"595","#PLOSONE","2016-03-03 05:00:00",0.0714285714285714
"596","#PLOSONE","2016-03-03 06:00:00",-0.5
"597","#PLOSONE","2016-03-03 07:00:00",-0.366666666666667
"598","#PLOSONE","2016-03-03 08:00:00",-0.184210526315789
"599","#PLOSONE","2016-03-03 09:00:00",0.0810810810810811
"600","#PLOSONE","2016-03-03 10:00:00",-0.381944444444444
"601","#PLOSONE","2016-03-03 11:00:00",-0.475
"602","#PLOSONE","2016-03-03 12:00:00",-0.325471698113208
"603","#PLOSONE","2016-03-03 13:00:00",-0.16969696969697
"604","#PLOSONE","2016-03-03 14:00:00",-0.212389380530973
"605","#PLOSONE","2016-03-03 15:00:00",-0.164179104477612
"606","#PLOSONE","2016-03-03 16:00:00",-0.154761904761905
"607","#PLOSONE","2016-03-03 17:00:00",-0.205479452054795
"608","#PLOSONE","2016-03-03 18:00:00",-0.297297297297297
"609","#PLOSONE","2016-03-03 19:00:00",-0.27
"610","#PLOSONE","2016-03-03 20:00:00",-0.290598290598291
"611","#PLOSONE","2016-03-03 21:00:00",-0.58273381294964
"612","#PLOSONE","2016-03-03 22:00:00",0.0111111111111111
"613","#PLOSONE","2016-03-03 23:00:00",-0.518987341772152
"614","#PLOSONE","2016-03-04 00:00:00",-0.466666666666667
"615","#PLOSONE","2016-03-04 01:00:00",-0.461538461538462
"616","#PLOSONE","2016-03-04 02:00:00",-0.5
"617","#PLOSONE","2016-03-04 03:00:00",-0.459459459459459
"618","#PLOSONE","2016-03-04 04:00:00",-0.344827586206897
"619","#PLOSONE","2016-03-04 05:00:00",-0.470588235294118
"620","#PLOSONE","2016-03-04 06:00:00",-0.407407407407407
"621","#PLOSONE","2016-03-04 07:00:00",-0.106382978723404
"622","#PLOSONE","2016-03-04 08:00:00",-0.155555555555556
"623","#PLOSONE","2016-03-04 09:00:00",-0.413793103448276
"624","#PLOSONE","2016-03-04 10:00:00",-0.514285714285714
"625","#PLOSONE","2016-03-04 11:00:00",-0.08
"626","#PLOSONE","2016-03-04 12:00:00",-0.456521739130435
"627","#PLOSONE","2016-03-04 13:00:00",-0.25
"628","#PLOSONE","2016-03-04 14:00:00",-0.109090909090909
"629","#PLOSONE","2016-03-04 15:00:00",0.0735294117647059
"630","#PLOSONE","2016-03-04 16:00:00",-0.0789473684210526
"631","#PLOSONE","2016-03-04 17:00:00",0.0869565217391304
"632","#PLOSONE","2016-03-04 18:00:00",-0.130434782608696
"633","#PLOSONE","2016-03-04 19:00:00",0.121212121212121
"634","#PLOSONE","2016-03-04 20:00:00",-0.0444444444444444
"635","#PLOSONE","2016-03-04 21:00:00",-0.268292682926829
"636","#PLOSONE","2016-03-04 22:00:00",0.291666666666667
"637","#PLOSONE","2016-03-04 23:00:00",-1.44444444444444
"638","#PLOSONE","2016-03-05 00:00:00",-0.266666666666667
"639","#PLOSONE","2016-03-05 01:00:00",0.153846153846154
"640","#PLOSONE","2016-03-05 02:00:00",0.142857142857143
"641","#PLOSONE","2016-03-05 03:00:00",-0.727272727272727
"642","#PLOSONE","2016-03-05 04:00:00",-0.1
"643","#PLOSONE","2016-03-05 05:00:00",0.25
"644","#PLOSONE","2016-03-05 06:00:00",-0.333333333333333
"645","#PLOSONE","2016-03-05 07:00:00",0.25
"646","#PLOSONE","2016-03-05 08:00:00",-0.75
"647","#PLOSONE","2016-03-05 09:00:00",0.25
"648","#PLOSONE","2016-03-05 10:00:00",0.133333333333333
"649","#PLOSONE","2016-03-05 11:00:00",-0.0909090909090909
"650","#PLOSONE","2016-03-05 12:00:00",-0.428571428571429
"651","#PLOSONE","2016-03-05 13:00:00",-0.647058823529412
"652","#PLOSONE","2016-03-05 14:00:00",-0.25
"653","#PLOSONE","2016-03-05 15:00:00",0.222222222222222
"654","#PLOSONE","2016-03-05 16:00:00",0.125
"655","#PLOSONE","2016-03-05 17:00:00",0.0526315789473684
"656","#PLOSONE","2016-03-05 18:00:00",0.4
"657","#PLOSONE","2016-03-05 19:00:00",0
"658","#PLOSONE","2016-03-05 20:00:00",0.0869565217391304
"659","#PLOSONE","2016-03-05 21:00:00",0.166666666666667
"660","#PLOSONE","2016-03-05 22:00:00",-0.785714285714286
"661","#PLOSONE","2016-03-05 23:00:00",-0.2
"662","#PLOSONE","2016-03-06 00:00:00",-0.0384615384615385
"663","#PLOSONE","2016-03-06 01:00:00",0.0909090909090909
"664","#PLOSONE","2016-03-06 02:00:00",0
"665","#PLOSONE","2016-03-06 03:00:00",-1
"666","#PLOSONE","2016-03-06 04:00:00",-0.142857142857143
"667","#PLOSONE","2016-03-06 05:00:00",-1.5
"668","#PLOSONE","2016-03-06 06:00:00",1
"669","#PLOSONE","2016-03-06 07:00:00",-0.333333333333333
"670","#PLOSONE","2016-03-06 08:00:00",0
"671","#PLOSONE","2016-03-06 09:00:00",0.25
"672","#PLOSONE","2016-03-06 10:00:00",-0.75
"673","#PLOSONE","2016-03-06 11:00:00",0
"674","#PLOSONE","2016-03-06 12:00:00",-0.333333333333333
"675","#PLOSONE","2016-03-06 13:00:00",-1.25
"676","#PLOSONE","2016-03-06 14:00:00",0
"677","#PLOSONE","2016-03-06 15:00:00",0
"678","#PLOSONE","2016-03-06 16:00:00",0
"679","#PLOSONE","2016-03-06 17:00:00",-0.333333333333333
"680","#PLOSONE","2016-03-06 18:00:00",-0.2
"681","#PLOSONE","2016-03-06 19:00:00",0
"682","#PLOSONE","2016-03-06 20:00:00",-0.4
"683","#PLOSONE","2016-03-06 21:00:00",0
"684","#PLOSONE","2016-03-06 22:00:00",-0.0476190476190476
"685","#PLOSONE","2016-03-06 23:00:00",-0.333333333333333
"686","#PLOSONE","2016-03-07 00:00:00",0
"687","#PLOSONE","2016-03-07 01:00:00",0.333333333333333
"688","#PLOSONE","2016-03-07 02:00:00",0
"689","#PLOSONE","2016-03-07 03:00:00",-0.6
"690","#PLOSONE","2016-03-07 05:00:00",0.333333333333333
"691","#PLOSONE","2016-03-07 06:00:00",0
"692","#PLOSONE","2016-03-07 07:00:00",-0.5
"693","#PLOSONE","2016-03-07 08:00:00",0.5
"694","#PLOSONE","2016-03-07 09:00:00",0.125
"695","#PLOSONE","2016-03-07 10:00:00",0.125
"696","#PLOSONE","2016-03-07 11:00:00",-0.5
"697","#PLOSONE","2016-03-07 12:00:00",0.285714285714286
"698","#PLOSONE","2016-03-07 13:00:00",-0.2
"699","#PLOSONE","2016-03-07 14:00:00",0.2
"700","#PLOSONE","2016-03-07 15:00:00",-0.0454545454545455
"701","#PLOSONE","2016-03-07 16:00:00",0.315789473684211
"702","#PLOSONE","2016-03-07 17:00:00",0.6
"703","#PLOSONE","2016-03-07 18:00:00",0.291666666666667
"704","#PLOSONE","2016-03-07 19:00:00",0.392156862745098
"705","#PLOSONE","2016-03-07 20:00:00",-0.171428571428571
"706","#PLOSONE","2016-03-07 21:00:00",-0.12
"707","#PLOSONE","2016-03-07 22:00:00",-0.588235294117647
"708","#PLOSONE","2016-03-07 23:00:00",-0.3
"709","#PLOSONE","2016-03-08 00:00:00",-0.125
"710","#PLOSONE","2016-03-08 01:00:00",0.125
"711","#PLOSONE","2016-03-08 02:00:00",0.0833333333333333
"712","#PLOSONE","2016-03-08 03:00:00",-0.25
"713","#PLOSONE","2016-03-08 04:00:00",0
"714","#PLOSONE","2016-03-08 05:00:00",0
"715","#PLOSONE","2016-03-08 06:00:00",0
"716","#PLOSONE","2016-03-08 07:00:00",0.5
"717","#PLOSONE","2016-03-08 08:00:00",0.1875
"718","#PLOSONE","2016-03-08 09:00:00",0.666666666666667
"719","#PLOSONE","2016-03-08 10:00:00",0
"720","#PLOSONE","2016-03-08 11:00:00",0.142857142857143
"721","#PLOSONE","2016-03-08 12:00:00",0.25
"722","#PLOSONE","2016-03-08 13:00:00",0.230769230769231
"723","#PLOSONE","2016-03-08 14:00:00",-0.941176470588235
"724","#PLOSONE","2016-03-08 15:00:00",-0.470588235294118
"725","#PLOSONE","2016-03-08 16:00:00",-0.428571428571429
"726","#PLOSONE","2016-03-08 17:00:00",0
"727","#PLOSONE","2016-03-08 18:00:00",0.166666666666667
"728","#PLOSONE","2016-03-08 19:00:00",-0.285714285714286
"729","#PLOSONE","2016-03-08 20:00:00",0.157894736842105
"730","#PLOSONE","2016-03-08 21:00:00",0.666666666666667
"731","#PLOSONE","2016-03-08 22:00:00",0.3
"732","#PLOSONE","2016-03-08 23:00:00",-0.333333333333333
"733","#PLOSONE","2016-03-09 00:00:00",-0.111111111111111
"734","#PLOSONE","2016-03-09 01:00:00",-0.3
"735","#PLOSONE","2016-03-09 02:00:00",-0.727272727272727
"736","#PLOSONE","2016-03-09 03:00:00",0.5
"737","#PLOSONE","2016-03-09 04:00:00",0.75
"738","#PLOSONE","2016-03-09 05:00:00",0
"739","#PLOSONE","2016-03-09 06:00:00",0.25
"740","#PLOSONE","2016-03-09 07:00:00",-0.166666666666667
"741","#PLOSONE","2016-03-09 08:00:00",0.25
"742","#PLOSONE","2016-03-09 09:00:00",0.166666666666667
"743","#PLOSONE","2016-03-09 10:00:00",0
"744","#PLOSONE","2016-03-09 11:00:00",0.6
"745","#PLOSONE","2016-03-09 12:00:00",-0.1
"746","#PLOSONE","2016-03-09 13:00:00",-0.4
"747","#PLOSONE","2016-03-09 14:00:00",-0.333333333333333
"748","#PLOSONE","2016-03-09 15:00:00",0.0555555555555556
"749","#PLOSONE","2016-03-09 16:00:00",0
"750","#PLOSONE","2016-03-09 17:00:00",-0.235294117647059
"751","#PLOSONE","2016-03-09 18:00:00",-0.1875
"752","#PLOSONE","2016-03-09 19:00:00",-0.208333333333333
"753","#PLOSONE","2016-03-09 20:00:00",0.25
"754","#PLOSONE","2016-03-09 21:00:00",-0.12
"755","#PLOSONE","2016-03-09 22:00:00",-0.0555555555555556
"756","#PLOSONE","2016-03-09 23:00:00",-0.0952380952380952
"757","#PLOSONE","2016-03-10 00:00:00",-0.4
"758","#PLOSONE","2016-03-10 01:00:00",-0.125
"759","#PLOSONE","2016-03-10 02:00:00",0.4
"760","#PLOSONE","2016-03-10 03:00:00",0.285714285714286
"761","#PLOSONE","2016-03-10 04:00:00",-1
"762","#PLOSONE","2016-03-10 05:00:00",1
"763","#PLOSONE","2016-03-10 06:00:00",0
"764","#PLOSONE","2016-03-10 07:00:00",0.230769230769231
"765","#PLOSONE","2016-03-10 08:00:00",0.166666666666667
"766","#PLOSONE","2016-03-10 09:00:00",-0.363636363636364
"767","#PLOSONE","2016-03-10 10:00:00",-0.4375
"768","#PLOSONE","2016-03-10 11:00:00",0
"769","#PLOSONE","2016-03-10 12:00:00",-0.333333333333333
"770","#PLOSONE","2016-03-10 13:00:00",-0.333333333333333
"771","#PLOSONE","2016-03-10 14:00:00",0.454545454545455
"772","#PLOSONE","2016-03-10 15:00:00",-0.1
"773","#PLOSONE","2016-03-10 16:00:00",-0.136363636363636
"774","#PLOSONE","2016-03-10 17:00:00",0.0588235294117647
"775","#PLOSONE","2016-03-10 18:00:00",0.3
"776","#PLOSONE","2016-03-10 19:00:00",-0.714285714285714
"777","#PLOSONE","2016-03-10 20:00:00",-0.307692307692308
"778","#PLOSONE","2016-03-10 21:00:00",-0.5
"779","#PLOSONE","2016-03-10 22:00:00",0
"780","#PLOSONE","2016-03-10 23:00:00",-0.0434782608695652
"781","#PLOSONE","2016-03-11 00:00:00",-0.304347826086957
"782","#PLOSONE","2016-03-11 01:00:00",0.25
"783","#PLOSONE","2016-03-11 02:00:00",0
"784","#PLOSONE","2016-03-11 03:00:00",-0.4
"785","#PLOSONE","2016-03-11 04:00:00",0.5
"786","#PLOSONE","2016-03-11 05:00:00",0.333333333333333
"787","#PLOSONE","2016-03-11 06:00:00",0
"788","#PLOSONE","2016-03-11 08:00:00",-0.25
"789","#PLOSONE","2016-03-11 09:00:00",0
"790","#PLOSONE","2016-03-11 10:00:00",-0.666666666666667
"791","#PLOSONE","2016-03-11 11:00:00",-0.333333333333333
"792","#PLOSONE","2016-03-11 12:00:00",0.133333333333333
"793","#PLOSONE","2016-03-11 13:00:00",-0.5
"794","#PLOSONE","2016-03-11 14:00:00",0.416666666666667
"795","#PLOSONE","2016-03-11 15:00:00",0.363636363636364
"796","#PLOSONE","2016-03-11 16:00:00",0.25
"797","#PLOSONE","2016-03-11 17:00:00",-0.0555555555555556
"798","#PLOSONE","2016-03-11 18:00:00",0
"799","#PLOSONE","2016-03-11 19:00:00",-0.117647058823529
"800","#PLOSONE","2016-03-11 20:00:00",-0.0666666666666667
"801","#PLOSONE","2016-03-11 21:00:00",0.55
"802","#PLOSONE","2016-03-11 22:00:00",0.5
"803","#PLOSONE","2016-03-11 23:00:00",0.75
"804","#PLOSONE","2016-03-12 00:00:00",0.8
"805","#PLOSONE","2016-03-12 01:00:00",0.8
"806","#PLOSONE","2016-03-12 02:00:00",0
"807","#PLOSONE","2016-03-12 03:00:00",0
"808","#PLOSONE","2016-03-12 04:00:00",0.5
"809","#PLOSONE","2016-03-12 05:00:00",0
"810","#PLOSONE","2016-03-12 06:00:00",-0.5
"811","#PLOSONE","2016-03-12 07:00:00",-1
"812","#PLOSONE","2016-03-12 08:00:00",0
"813","#PLOSONE","2016-03-12 09:00:00",-0.666666666666667
"814","#PLOSONE","2016-03-12 10:00:00",-0.333333333333333
"815","#PLOSONE","2016-03-12 11:00:00",-0.714285714285714
"816","#PLOSONE","2016-03-12 12:00:00",-0.25
"817","#PLOSONE","2016-03-12 13:00:00",0
"818","#PLOSONE","2016-03-12 14:00:00",0.5
"819","#PLOSONE","2016-03-12 15:00:00",0.111111111111111
"820","#PLOSONE","2016-03-12 16:00:00",-0.5
"821","#PLOSONE","2016-03-12 17:00:00",0.25
"822","#PLOSONE","2016-03-12 18:00:00",0.111111111111111
"823","#PLOSONE","2016-03-12 19:00:00",0
"824","#PLOSONE","2016-03-12 20:00:00",0
"825","#PLOSONE","2016-03-12 21:00:00",0.25
"826","#PLOSONE","2016-03-12 22:00:00",1
"827","#PLOSONE","2016-03-13 00:00:00",0
"828","#PLOSONE","2016-03-13 01:00:00",0
"829","#PLOSONE","2016-03-13 03:00:00",0.625
"830","#PLOSONE","2016-03-13 04:00:00",0.6
"831","#PLOSONE","2016-03-13 05:00:00",0.25
"832","#PLOSONE","2016-03-13 06:00:00",1
"833","#PLOSONE","2016-03-13 07:00:00",0
"834","#PLOSONE","2016-03-13 08:00:00",0
"835","#PLOSONE","2016-03-13 09:00:00",-1.5
"836","#PLOSONE","2016-03-13 10:00:00",-0.4
"837","#PLOSONE","2016-03-13 11:00:00",0
"838","#PLOSONE","2016-03-13 12:00:00",-1.5
"839","#PLOSONE","2016-03-13 13:00:00",0
"840","#PLOSONE","2016-03-13 14:00:00",0.375
"841","#PLOSONE","2016-03-13 15:00:00",0.5
"842","#PLOSONE","2016-03-13 16:00:00",0.333333333333333
"843","#PLOSONE","2016-03-13 17:00:00",-1
"844","#PLOSONE","2016-03-13 18:00:00",-2.5
"845","#PLOSONE","2016-03-13 19:00:00",-1
"846","#PLOSONE","2016-03-13 20:00:00",2
"847","#PLOSONE","2016-03-13 21:00:00",0
"848","#PLOSONE","2016-03-13 22:00:00",0
"849","#PLOSONE","2016-03-13 23:00:00",0
"850","#PLOSONE","2016-03-14 00:00:00",1.25
"851","#PLOSONE","2016-03-14 01:00:00",0
"852","#PLOSONE","2016-03-14 05:00:00",0.333333333333333
"853","#PLOSONE","2016-03-14 06:00:00",0
"854","#PLOSONE","2016-03-14 08:00:00",0.333333333333333
"855","#PLOSONE","2016-03-14 09:00:00",0
"856","#PLOSONE","2016-03-14 10:00:00",-0.142857142857143
"857","#PLOSONE","2016-03-14 11:00:00",0.181818181818182
"858","#PLOSONE","2016-03-14 12:00:00",0.571428571428571
"859","#PLOSONE","2016-03-14 13:00:00",0.375
"860","#PLOSONE","2016-03-14 14:00:00",0.75
"861","#PLOSONE","2016-03-14 15:00:00",0.218181818181818
"862","#PLOSONE","2016-03-14 16:00:00",-0.166666666666667
"863","#PLOSONE","2016-03-14 17:00:00",-0.0666666666666667
"864","#PLOSONE","2016-03-14 18:00:00",0.375
"865","#PLOSONE","2016-03-14 19:00:00",0
"866","#PLOSONE","2016-03-14 20:00:00",0
"867","#PLOSONE","2016-03-14 21:00:00",0.222222222222222
"868","#PLOSONE","2016-03-14 22:00:00",0.307692307692308
"869","#PLOSONE","2016-03-14 23:00:00",0.181818181818182
"870","#PLOSONE","2016-03-15 00:00:00",-0.25
"871","#PLOSONE","2016-03-15 01:00:00",0
"872","#PLOSONE","2016-03-15 02:00:00",0.5
"873","#PLOSONE","2016-03-15 03:00:00",0.0731707317073171
"874","#PLOSONE","2016-03-15 04:00:00",0.230769230769231
"875","#PLOSONE","2016-03-15 05:00:00",0
"876","#PLOSONE","2016-03-15 06:00:00",0.2
"877","#PLOSONE","2016-03-15 07:00:00",-0.2
"878","#PLOSONE","2016-03-15 08:00:00",0
"879","#PLOSONE","2016-03-15 09:00:00",0
"880","#PLOSONE","2016-03-15 10:00:00",-0.307692307692308
"881","#PLOSONE","2016-03-15 11:00:00",0
"882","#PLOSONE","2016-03-15 12:00:00",0.238095238095238
"883","#PLOSONE","2016-03-15 13:00:00",0
"884","#PLOSONE","2016-03-15 14:00:00",0
"885","#PLOSONE","2016-03-15 15:00:00",0.0384615384615385
"886","#PLOSONE","2016-03-15 16:00:00",0.1
"887","#PLOSONE","2016-03-15 17:00:00",-0.171428571428571
"888","#PLOSONE","2016-03-15 18:00:00",0.210526315789474
"889","#PLOSONE","2016-03-15 19:00:00",0.288461538461538
"890","#PLOSONE","2016-03-15 20:00:00",0.127906976744186
"891","#PLOSONE","2016-03-15 21:00:00",0.0681818181818182
"892","#PLOSONE","2016-03-15 22:00:00",-0.0882352941176471
"893","#PLOSONE","2016-03-15 23:00:00",-0.269230769230769
"894","#PLOSONE","2016-03-16 00:00:00",0
"895","#PLOSONE","2016-03-16 01:00:00",0.1875
"896","#PLOSONE","2016-03-16 02:00:00",-0.1
"897","#PLOSONE","2016-03-16 03:00:00",0.833333333333333
"898","#PLOSONE","2016-03-16 04:00:00",-0.5
"899","#PLOSONE","2016-03-16 05:00:00",-0.25
"900","#PLOSONE","2016-03-16 06:00:00",0
"901","#PLOSONE","2016-03-16 07:00:00",0.3
"902","#PLOSONE","2016-03-16 08:00:00",-0.3
"903","#PLOSONE","2016-03-16 09:00:00",0.230769230769231
"904","#PLOSONE","2016-03-16 10:00:00",0.0714285714285714
"905","#PLOSONE","2016-03-16 11:00:00",0
"906","#PLOSONE","2016-03-16 12:00:00",0.1
"907","#PLOSONE","2016-03-16 13:00:00",0
"908","#PLOSONE","2016-03-16 14:00:00",-0.0714285714285714
"909","#PLOSONE","2016-03-16 15:00:00",-0.181818181818182
"910","#PLOSONE","2016-03-16 16:00:00",-0.137931034482759
"911","#PLOSONE","2016-03-16 17:00:00",-0.0434782608695652
"912","#PLOSONE","2016-03-16 18:00:00",0.0625
"913","#PLOSONE","2016-03-16 19:00:00",-0.0384615384615385
"914","#PLOSONE","2016-03-16 20:00:00",-0.423076923076923
"915","#PLOSONE","2016-03-16 21:00:00",-0.357142857142857
"916","#PLOSONE","2016-03-16 22:00:00",-0.2
"917","#PLOSONE","2016-03-16 23:00:00",0.25
"918","#PLOSONE","2016-03-17 00:00:00",0.75
"919","#PLOSONE","2016-03-17 01:00:00",0
"920","#PLOSONE","2016-03-17 02:00:00",-0.2
"921","#PLOSONE","2016-03-17 03:00:00",0.333333333333333
"922","#PLOSONE","2016-03-17 04:00:00",0.733333333333333
"923","#PLOSONE","2016-03-17 05:00:00",0
"924","#PLOSONE","2016-03-17 06:00:00",0.166666666666667
"925","#PLOSONE","2016-03-17 07:00:00",-0.166666666666667
"926","#PLOSONE","2016-03-17 08:00:00",0.125
"927","#PLOSONE","2016-03-17 09:00:00",-0.125
"928","#PLOSONE","2016-03-17 10:00:00",-0.333333333333333
"929","#PLOSONE","2016-03-17 11:00:00",-0.125
"930","#PLOSONE","2016-03-17 12:00:00",0
"931","#PLOSONE","2016-03-17 13:00:00",0.142857142857143
"932","#PLOSONE","2016-03-17 14:00:00",0.153846153846154
"933","#PLOSONE","2016-03-17 15:00:00",-0.178571428571429
"934","#PLOSONE","2016-03-17 16:00:00",-0.605263157894737
"935","#PLOSONE","2016-03-17 17:00:00",-0.25
"936","#PLOSONE","2016-03-17 18:00:00",-0.28
"937","#PLOSONE","2016-03-17 19:00:00",0.166666666666667
"938","#PLOSONE","2016-03-17 20:00:00",-0.0833333333333333
"939","#PLOSONE","2016-03-17 21:00:00",-0.5
"940","#PLOSONE","2016-03-17 22:00:00",0.1875
"941","#PLOSONE","2016-03-17 23:00:00",0.0588235294117647
"942","#PLOSONE","2016-03-18 00:00:00",0.222222222222222
"943","#PLOSONE","2016-03-18 01:00:00",-0.333333333333333
"944","#PLOSONE","2016-03-18 02:00:00",-0.2
"945","#PLOSONE","2016-03-18 03:00:00",0
"946","#PLOSONE","2016-03-18 04:00:00",-0.2
"947","#PLOSONE","2016-03-18 05:00:00",0
"948","#PLOSONE","2016-03-18 06:00:00",0.125
"949","#PLOSONE","2016-03-18 07:00:00",0.777777777777778
"950","#PLOSONE","2016-03-18 08:00:00",0.818181818181818
"951","#PLOSONE","2016-03-18 09:00:00",0.5625
"952","#PLOSONE","2016-03-18 10:00:00",0.538461538461538
"953","#PLOSONE","2016-03-18 11:00:00",0.411764705882353
"954","#PLOSONE","2016-03-18 12:00:00",0.388888888888889
"955","#PLOSONE","2016-03-18 13:00:00",0.538461538461538
"956","#PLOSONE","2016-03-18 14:00:00",0
"957","#PLOSONE","2016-03-18 15:00:00",0.4
"958","#PLOSONE","2016-03-18 16:00:00",0.117647058823529
"959","#PLOSONE","2016-03-18 17:00:00",0.285714285714286
"960","#PLOSONE","2016-03-18 18:00:00",0.285714285714286
"961","#PLOSONE","2016-03-18 19:00:00",0.0476190476190476
"962","#PLOSONE","2016-03-18 20:00:00",0.230769230769231
"963","#PLOSONE","2016-03-18 21:00:00",0.181818181818182
"964","#PLOSONE","2016-03-18 22:00:00",0.333333333333333
"965","#PLOSONE","2016-03-18 23:00:00",-1
"966","#PLOSONE","2016-03-19 00:00:00",0
"967","#PLOSONE","2016-03-19 01:00:00",0.2
"968","#PLOSONE","2016-03-19 02:00:00",-0.166666666666667
"969","#PLOSONE","2016-03-19 03:00:00",0.111111111111111
"970","#PLOSONE",NA,-0.75
"971","Shares","2016-01-06 12:00:00",0
"972","Shares","2016-03-02 08:00:00",0
"973","Shares","2016-03-02 09:00:00",1
"974","Shares","2016-03-02 10:00:00",0.142857142857143
"975","Shares","2016-03-02 11:00:00",0.2
"976","Shares","2016-03-02 12:00:00",0.333333333333333
"977","Shares","2016-03-02 13:00:00",-0.909090909090909
"978","Shares","2016-03-02 14:00:00",-0.604651162790698
"979","Shares","2016-03-02 15:00:00",-0.26
"980","Shares","2016-03-02 16:00:00",0
"981","Shares","2016-03-02 17:00:00",0.244444444444444
"982","Shares","2016-03-02 18:00:00",0.148148148148148
"983","Shares","2016-03-02 19:00:00",0.15
"984","Shares","2016-03-02 20:00:00",0.0909090909090909
"985","Shares","2016-03-02 21:00:00",0.0789473684210526
"986","Shares","2016-03-02 22:00:00",-0.0384615384615385
"987","Shares","2016-03-02 23:00:00",-0.142857142857143
"988","Shares","2016-03-03 00:00:00",0.666666666666667
"989","Shares","2016-03-03 01:00:00",0.833333333333333
"990","Shares","2016-03-03 02:00:00",-0.0909090909090909
"991","Shares","2016-03-03 03:00:00",-0.285714285714286
"992","Shares","2016-03-03 04:00:00",0.3
"993","Shares","2016-03-03 05:00:00",0
"994","Shares","2016-03-03 06:00:00",-0.647058823529412
"995","Shares","2016-03-03 07:00:00",-0.181818181818182
"996","Shares","2016-03-03 08:00:00",-0.12
"997","Shares","2016-03-03 09:00:00",0.116279069767442
"998","Shares","2016-03-03 10:00:00",0.169811320754717
"999","Shares","2016-03-03 11:00:00",-0.142857142857143
"1000","Shares","2016-03-03 12:00:00",0.0392156862745098
"1001","Shares","2016-03-03 13:00:00",0.0212765957446809
"1002","Shares","2016-03-03 14:00:00",0.0754716981132075
"1003","Shares","2016-03-03 15:00:00",0.230769230769231
"1004","Shares","2016-03-03 16:00:00",0.0454545454545455
"1005","Shares","2016-03-03 17:00:00",-0.0434782608695652
"1006","Shares","2016-03-03 18:00:00",-0.117647058823529
"1007","Shares","2016-03-03 19:00:00",0
"1008","Shares","2016-03-03 20:00:00",-0.0833333333333333
"1009","Shares","2016-03-03 21:00:00",-0.25
"1010","Shares","2016-03-03 22:00:00",-0.266666666666667
"1011","Shares","2016-03-03 23:00:00",0.121212121212121
"1012","Shares","2016-03-04 00:00:00",0.0416666666666667
"1013","Shares","2016-03-04 01:00:00",-0.285714285714286
"1014","Shares","2016-03-04 02:00:00",-0.117647058823529
"1015","Shares","2016-03-04 03:00:00",-0.25
"1016","Shares","2016-03-04 04:00:00",-0.4
"1017","Shares","2016-03-04 05:00:00",-0.555555555555556
"1018","Shares","2016-03-04 06:00:00",-0.5
"1019","Shares","2016-03-04 07:00:00",0.166666666666667
"1020","Shares","2016-03-04 08:00:00",-0.285714285714286
"1021","Shares","2016-03-04 09:00:00",-0.5
"1022","Shares","2016-03-04 10:00:00",-0.230769230769231
"1023","Shares","2016-03-04 11:00:00",-0.428571428571429
"1024","Shares","2016-03-04 12:00:00",-0.181818181818182
"1025","Shares","2016-03-04 13:00:00",-0.142857142857143
"1026","Shares","2016-03-04 14:00:00",-0.4
"1027","Shares","2016-03-04 15:00:00",-0.6
"1028","Shares","2016-03-04 17:00:00",-0.8
"1029","Shares","2016-03-04 18:00:00",-0.75
"1030","Shares","2016-03-04 19:00:00",0
"1031","Shares","2016-03-04 20:00:00",-1
"1032","Shares","2016-03-04 21:00:00",-1
"1033","Shares","2016-03-04 22:00:00",0.333333333333333
"1034","Shares","2016-03-04 23:00:00",-1
"1035","Shares","2016-03-05 00:00:00",0.2
"1036","Shares","2016-03-05 01:00:00",-0.333333333333333
"1037","Shares","2016-03-05 02:00:00",0.5
"1038","Shares","2016-03-05 04:00:00",0
"1039","Shares","2016-03-05 05:00:00",1
"1040","Shares","2016-03-05 06:00:00",0
"1041","Shares","2016-03-05 11:00:00",-0.25
"1042","Shares","2016-03-05 12:00:00",-3
"1043","Shares","2016-03-05 13:00:00",0
"1044","Shares","2016-03-05 14:00:00",-0.333333333333333
"1045","Shares","2016-03-05 19:00:00",-1
"1046","Shares","2016-03-05 21:00:00",-1
"1047","Shares","2016-03-05 23:00:00",-0.75
"1048","Shares","2016-03-06 00:00:00",0
"1049","Shares","2016-03-06 01:00:00",-1
"1050","Shares","2016-03-06 02:00:00",0
"1051","Shares","2016-03-06 04:00:00",0
"1052","Shares","2016-03-06 05:00:00",1
"1053","Shares","2016-03-06 07:00:00",0
"1054","Shares","2016-03-06 08:00:00",-0.5
"1055","Shares","2016-03-06 09:00:00",0
"1056","Shares","2016-03-06 10:00:00",-1
"1057","Shares","2016-03-06 11:00:00",-1
"1058","Shares","2016-03-06 17:00:00",-0.5
"1059","Shares","2016-03-06 20:00:00",-1
"1060","Shares","2016-03-06 23:00:00",-3
"1061","Shares","2016-03-07 00:00:00",0
"1062","Shares","2016-03-07 07:00:00",-1
"1063","Shares","2016-03-07 11:00:00",0
"1064","Shares","2016-03-07 14:00:00",0
"1065","Shares","2016-03-07 15:00:00",-0.666666666666667
"1066","Shares","2016-03-07 17:00:00",1
"1067","Shares","2016-03-07 20:00:00",0
"1068","Shares","2016-03-07 21:00:00",0
"1069","Shares","2016-03-08 02:00:00",-0.5
"1070","Shares","2016-03-08 10:00:00",-2
"1071","Shares","2016-03-08 11:00:00",0
"1072","Shares","2016-03-08 12:00:00",0
"1073","Shares","2016-03-08 13:00:00",-1
"1074","Shares","2016-03-08 14:00:00",-1
"1075","Shares","2016-03-08 15:00:00",-1
"1076","Shares","2016-03-08 18:00:00",-1
"1077","Shares","2016-03-08 21:00:00",-1
"1078","Shares","2016-03-09 10:00:00",-1
"1079","Shares","2016-03-09 15:00:00",-1
"1080","Shares","2016-03-09 18:00:00",-1
"1081","Shares","2016-03-09 19:00:00",0
"1082","Shares","2016-03-09 20:00:00",-1
"1083","Shares","2016-03-10 00:00:00",-2
"1084","Shares","2016-03-10 09:00:00",-1
"1085","Shares","2016-03-10 16:00:00",-1
